"Title, Author LN",Publication Date,Source
"A Bride from the Bush, Hornung",1890,Project Gutenberg
"A Bride of the Plains, Orczy",1915,Project Gutenberg
"A Child of the Jago, Morrison",1896,Project Gutenberg
"A Christmas Carol, Dickens",1843,ProQuest
"A Crystal Age, Hudson",1887,Project Gutenberg
"A Dark Night's Work, Gaskell",1863,Project Gutenberg
"A Daughter of Heth, Black",1871,ProQuest
"A Debt Discharged, Wallace",1916,Project Gutenberg
"A Defence of Poetry, Cornwall",1853,ProQuest
"A Defence of Poetry, Shelley",1840,ProQuest
"A Deptford Poet, Arnold",1875,ProQuest
"A Discourse, Delivered To the Students Of the Royal Academy 1780, Reynolds",1781,ProQuest
"A Discourse, Delivered To the Students Of the Royal Academy 1782, Reynolds",1783,ProQuest
"A Discourse, Delivered To the Students Of the Royal Academy 1784, Reynolds",1785,ProQuest
"A Discourse, Delivered To the Students Of the Royal Academy 1786, Reynolds",1786,ProQuest
"A Discourse, Delivered To the Students Of the Royal Academy 1788, Reynolds",1789,ProQuest
"A Discourse, Delivered To the Students of the Royal Academy 1790, Reynolds",1790,ProQuest
"A Dog of Flanders, Ouida",1872,Project Gutenberg
"A Dream of John Ball, Morris",1888,Project Gutenberg
"A Duet, with an Occasional Chorus, Doyle",1899,Project Gutenberg
"A Familiar Preface in, A Personal Record, Conrad",1912,ProQuest
"A Flat Iron for a Farthing, Ewing",1872,Project Gutenberg
"A Full and True Account of the Wonderful Mission of Earl Lavender, Davidson",1895,Internet Archive
"A Gentleman of Leisure, Wodehouse",1910,Project Gutenberg
"A Human Document, Mallock",1892,Internet Archive
"A Humble Remonstrance, Stevenson",1885,ProQuest
"A Lady of Quality, Burnett",1896,Project Gutenberg
"A Laodicean, Hardy",1881,Project Gutenberg
"A Lay-Sermon on the Distresses of the Country, Hazlitt",1819,ProQuest
"A Lecture on The Principle That Poetry is Self-Communion, Elliott",1850,ProQuest
"A Legend of Montrose, Scott",1819,ProQuest
"A Letter To The Rev. Hugh Blair, Beattie",1829,ProQuest
"A Letter to William Gifford, Hazlitt",1819,ProQuest
"A Life's Morning, Gissing",1888,Project Gutenberg
"A Little Princess, Burnett",1905,Project Gutenberg
"A Lodge in the Wilderness, Buchan",1906,Internet Archive
"A Lost Lady of Old Years, Buchan",1899,Project Gutenberg
"A Lost Leader, Oppenheim",1906,Project Gutenberg
"A Maid of the Silver Sea, Oxenham",1910,Project Gutenberg
"A Modern Utopia, Wells",1905,Project Gutenberg
"A Pair of Blue Eyes, Hardy",1873,ProQuest
"A Passionate Pilgrim, and Other Tales, James",1875,ProQuest
"A Peep Behind the Scenes, Walton",1877,Project Gutenberg
"A Prefect's Uncle, Wodehouse",1903,Project Gutenberg
"A Romance of Two Worlds, Corelli",1886,Project Gutenberg
"A Romance of Wastdale, Mason",1895,Project Gutenberg
"A Room with a View, Forster",1908,Project Gutenberg
"A Safety Match, Hay",1911,Project Gutenberg
"A Shabby Genteel Story, Thackeray",1840,ProQuest
"A Sheaf of Bluebells, Orczy",1917,Project Gutenberg
"A Sicilian Romance, Radcliffe",1790,ProQuest
"A Simple Story, Inchbald",1791,ProQuest
"A Son of the People, Orczy",1906,Internet Archive
"A Spirit in Prison, Hichens",1908,Project Gutenberg
"A Study in Scarlet, Doyle",1887,Project Gutenberg
"A Tale of Two Cities, Dickens",1859,ProQuest
"A Terrible Temptation, Read",1871,Project Gutenberg
"A True Woman, Orczy",1911,Internet Archive
"A Voyage to Arcturus, Lindsay",1920,Project Gutenberg
"A Welsh Singer, Raine/Puddicombe",1896,Internet Archive
"A Word to the Public, Lytton",1847,ProQuest
"Across the Zodiac, Greg",1880,Project Gutenberg
"Adam Bede, Eliot",1859,ProQuest
"Adeline Mowbray, Opie",1804,ProQuest
"After London; or, Wild England, Jeffries.txt",1885,ProQuest
"Agincourt. A Romance., Rainsford",1844,Project Gutenberg
"Agnes Grey, Brontë",1847,ProQuest
"Aladore, Newbolt",1914,Internet Archive
"Alec Forbes of Howglen, MacDonald",1865,Project Gutenberg
"Aleriel, or A Voyage to Other Worlds, Lach-Szyrma",1883,Internet Archive
"Alexander Smith And Alexander Pope, Kingsley",1853,ProQuest
"Alf's Button, Darlington",1920,Project Gutenberg
"Alice Lorraine, Blackmore",1875,Project Gutenberg
"Alice's Adventures in Wonderland, Carroll",1865,ProQuest
"All Roads Lead to Calvary, Jerome",1919,Project Gutenberg
"Allan Quatermain, Haggard",1887,Project Gutenberg
"Almayer's Folly, Conrad",1895,Project Gutenberg
"Alton Locke, Kingsley",1850,ProQuest
"An Englishwoman's Love-letters, Housman",1900,Project Gutenberg
"An Enquiry Concerning the Principles Of Taste, and Of the Origin Of Our Ideas Of Beauty, Reynolds.txt",1785,ProQuest
"An Essay On Taste. To Which Is Now Added Part Fourth, Of the Standard Of Taste, Gerard",1780,ProQuest
"An Eye for an Eye, Trollope",1879,Project Gutenberg
"An Imaginative Man, Hichens",1895,Internet Archive
"An Inquiry Into The Alleged Anti-Poetical Tendencies Of The Present Age, Mackay",1850,ProQuest
"An Outcast of the Islands, Conrad",1896,Project Gutenberg
"Animaduersions Uppon the Annotacions and Correctons of some Imperfectons of Impressons of Chaucers Workes, Thynne",1810,ProQuest
"Ann Veronica, Wells",1909,Project Gutenberg
"Anna of the Five Towns, Bennett",1902,Project Gutenberg
"Anna St. Ives, Holcroft",1792,ProQuest
"Annals of the Parish, Galt",1821,ProQuest
"Annals of the Twenty-Ninth Century, Blair",1874,Google Books
"Anne of Geierstein, Scott",1829,Project Gutenberg
"Another Man's Shoes, Bridges",1913,Project Gutenberg
"Antonina, Collins",1850,Project Gutenberg
"Apology for Apparent Plagiarism, Johnson",1817,ProQuest
"Appreciations; with an Essay on Style, Pater",1889,ProQuest
"Ardath, Corelli",1889,Project Gutenberg
"Armadale, Collins",1866,ProQuest
"At the Back of the North Wind, Macdonald",1871,ProQuest
"At the Villa Rose, Mason",1910,Project Gutenberg
"Auriol, AInsworth",1844,Project Gutenberg
"Aurora Floyd, Braddon",1863,Project Gutenberg
"Aurora Leigh, Browning",1856,Project Gutenberg
"Autobiography, Mill",1873,ProQuest
"Ayala's Angel, Trollope",1881,Project Gutenberg
"Ayesha, Haggard",1905,Project Gutenberg
"Baked Meats of the Funeral, Halpine",1866,ProQuest
"Barbary Sheep, Hichens",1907,Internet Archive
"Barchester Towers, Trollope",1857,ProQuest
"Bardelys the Magnificent, Sabatini",1906,Project Gutenberg
"Barnaby Rudge, Dickens",1840,ProQuest
"Basil, Collins",1852,Project Gutenberg
"Bealby, Wells",1915,Project Gutenberg
"Beatrice, Haggard",1890,Project Gutenberg
"Beau Brocade, Orczy",1907,Project Gutenberg
"Beauchamp's Career, Meredith",1875,ProQuest
"Belchamber, Sturgis",1904,Internet Archive
"Belinda, Broughton",1883,ProQuest
"Belinda, Edgeworth",1801,ProQuest
"Bella Donna, Hichens",1909,Project Gutenberg
"Benita, Haggard",1906,Project Gutenberg
"Bevis: The Story of a Boy, Jefferies",1882,ProQuest
"Beyond the City, Doyle",1892,Project Gutenberg
"Beyond the Rocks, Glyn",1906,Project Gutenberg
"Biographia Literaria, Coleridge",1817,ProQuest
"Biographia Literaria, Hazlitt",1817,ProQuest
"Biography Boswell's Life of Johnson, Carlyle",1830,ProQuest
"Bizarro, Scott",1832,JStor
"Black Beauty, Sewell",1877,ProQuest
"Bleak House, Dickens",1853,ProQuest
"Blind Love, Collins",1889,Project Gutenberg
"Bob, son of Battle, or, Owd Bob the grey dog of Kenmuir, Ollivant",1900,Internet Archive
"Books in, The Speaker, Conrad",1905,ProQuest
"Boon, Wells",1915,Project Gutenberg
"Born in Exile, Gissing",1892,Project Gutenberg
"British Novelists and their Styles, Masson",1859,ProQuest
"Brood of the Witch-Queen, Ward",1918,Project Gutenberg
"Bulldog Drummond, Sapper",1920,Project Gutenberg
"Buried Alive, Bennett",1908,Project Gutenberg
"By Proxy, Payn",1878,ProQuest
"Called Back, Conway",1883,Internet Archive
"Callista, Newman",1855,Project Gutenberg
"Camilla, Burney",1796,ProQuest
"Can You Forgive Her?, Trollope",1864,ProQuest
"Captains Courageous, Kipling",1897,Project Gutenberg
"Carnival, Mackenzie",1912,Project Gutenberg
"Cashel Byron's Profession, Shaw",1882,Project Gutenberg
"Castle Dangerous, Scott",1831,Internet Archive
"Castle Rackrent, Edgeworth",1800,ProQuest
"Castle Richmond, Trollope",1860,Project Gutenberg
"Catherine, Thackeray",1839,ProQuest
"Catriona, Stevenson",1893,Project Gutenberg
"Cecilia, or Memoirs of an Heiress, Burney",1782,ProQuest
"Chance, Conrad",1913,Project Gutenberg
"Characters of Shakespear's Plays, Hazlitt",1817,ProQuest
"Characters of Shakespeare's Plays, Jeffrey",1844,ProQuest
"Charles Auchester, Sheppard",1853,Project Gutenberg
"Charlotte Temple, Rowson",1791,Project Gutenberg
"Charlotte: A Tale of Truth Volume 1, Rowson",1794,ProQuest
"Charlotte's Daughter, Rowson",1828,ProQuest
"Cherry Ripe, Mathers",1878,Internet Archive
"Child Christopher and Goldilind the Fair, Morris",1895,Project Gutenberg
"Child of Storm, Haggard",1913,Project Gutenberg
"Childe Harold's Pilgrimage Review, Jeffrey",1844,ProQuest
"Chiristmas Books, Thackeray",1857,Internet Archive
"Christie Johnstone, Reade",1853,Project Gutenberg
"Christina Rossetti, Gosse",1896,ProQuest
"Christowell, Blackmore",1882,Internet Archive
"Chronicles of Barsetshire, Trollope",1855,Project Gutenberg
"Chronicles of the Schonberg-Cotta Family, Charles",1864,ProQuest
"Clara in Blunderland, Lewis",1902,Internet Archive
"Clara Vaughan, Blackmore",1864,Project Gutenberg
"Cleopatra, Haggard",1889,Project Gutenberg
"Cloudesley, Godwin",1830,Internet Archive
"Coelebs in Search of a Wife, More",1809,ProQuest
"Colonel Quaritch, VC, Haggard",1888,Project Gutenberg
"Come Rack! Come Rope!, Benson",1912,Project Gutenberg
"Concerning the Beautiful, Taylor",1787,ProQuest
"Confessions of a Thug, Taylor",1839,ProQuest
"Confessions of an English Opium-Eater, De Quincey",1822,ProQuest
"Confidence, James",1879,Project Gutenberg
"Coningsby, Disraeli",1844,ProQuest
"Consequences, Delafield",1919,Project Gutenberg
"Corn-Law Rhymes, Carlyle",1832,ProQuest
"Count Robert of Paris, Scott",1832,Internet Archive
"Cousin Henry, Trollope",1879,Project Gutenberg
"Cradock Nowell, Blackmore",1866,Project Gutenberg
"Cranford, Gaskell",1853,Project Gutenberg
"Cripps the Carrier, Blackmore",1876,Project Gutenberg
"Criticism in Relation to Novels, Lewes",1866,ProQuest
"Criticism in, Essays in London and Elsewhere, James.txt",1893,ProQuest
"Cromwell An Historical Novel, vol 2",1838,ProQuest
"Crotchet Castle, Peacock",1831,ProQuest
"Culture and Anarchy, Arnold",1869,ProQuest
"Daniel Deronda, Eliot",1876,ProQuest
"Dante's Treatise De Vulgari Eloquentia, Dante and Howell.txt",1890,ProQuest
"Dariel, Blackmore",1897,Project Gutenberg
"Daughters of Danaus, Caird",1894,Project Gutenberg
"David Blaize, Benson",1916,Project Gutenberg
"David Elginbrod, Macdonald",1863,Project Gutenberg
"Dawn, Haggard",1884,Project Gutenberg
"De la Litérature considérée dans ses Rapports Review, Jeffrey",1844,ProQuest
"Death and Funeral of the Late Mr. Southey, Hunt",1817,ProQuest
"Defence of the Sonnets of Sir Philip Sydney, Lamb",1823,ProQuest
"Demos, Gissing",1886,Project Gutenberg
"Denis Duval, Thackeray",1864,ProQuest
"Denzil Quarrier, Gissing",1892,Project Gutenberg
"Dermont O'Brien; or, The Taking of Tredagh, Herbert",1849,ProQuest
"Desmond, Smith",1792,Internet Archive
"Desperate Remedies, Hardy",1871,Project Gutenberg
"Diana of the Crossways, Meredith",1885,Project Gutenberg
"Diary of a Pilgrimage, Jerome",1891,Project Gutenberg
"Dickens in Relation to Criticism, Lewes",1872,ProQuest
"Die Poesie und Beredsamkeit der Deutschen, Carlyle",1827,ProQuest
"Discourses in America, Arnold",1885,ProQuest
"Dissertation I. On the Idea of Universal Poetry, Hurd",1811,ProQuest
"Dissertation the Tenth, Campbell",1789,ProQuest
"Doctor Syn: A Tale of the Romney Marsh, Thorndike",1915,Internet Archive
"Doctor Therne, Haggard",1898,Project Gutenberg
"Doctor Thorne, Trollope",1858,ProQuest
"Doctor Wortle's School, Trollope",1881,Internet Archive
"Dombey and Son, Dickens",1848,ProQuest
"Dope, Rohmer",1919,Project Gutenberg
"Dorothy Forster, Besant",1884,ProQuest
"Dracula, Stoker",1897,ProQuest
"East Lynne, Wood",1861,ProQuest
"Eldorado, Orczy",1913,Project Gutenberg
"Eleanor, Ward",1900,Project Gutenberg
"Elissa, Haggard",1900,Project Gutenberg
"Elliott's Poems, Kingsley",1852,ProQuest
"Emma, Austen",1816,ProQuest
"Emmeline, Smith",1788,ProQuest
"Endymion and other Poems Review, Jeffrey",1844,ProQuest
"Endymion, Disraeli",1880,Project Gutenberg
"English Catholic Literature in, The Idea of a University Defined and Illustrated, Newman.txt",1873,ProQuest
"English Metrical Critics, Patmore",1857,ProQuest
"Ennui, Edgeworth",1809,ProQuest
"Enoc Huws, Owen",1891,Internet Archive
"Erema, Blackmore",1877,Project Gutenberg
"Erewhon Revisited, Butler",1901,Project Gutenberg
"Erewhon: or Over the Range, Butler",1872,ProQuest
"Eric Brighteyes, Haggard",1890,Project Gutenberg
"Eric, or, Little by Little, Farrar",1858,ProQuest
"Essay on the Athenians, Shelley",1840,ProQuest
"Essay on the Principles of Translation, Woodhouse",1791,ProQuest
"Essay on the Theatre, Goldsmith",1892,ProQuest
"Essays in Criticism, Arnold",1865,ProQuest
"Essays in Criticism: Second Series, Arnold",1888,ProQuest
"Essays On the Nature and Principles Of Taste, Alison",1790,ProQuest
"Essays on the Nature and Principles of Taste, Jeffrey.txt",1844,ProQuest
"Esther Waters, Moore",1894,ProQuest
"Eugene Aram, Lytton",1832,ProQuest
"Evan Harrington, Meredith",1860,ProQuest
"Eve's Ransom, Gissing",1895,Project Gutenberg
"Every Man His Own Poet, Mallock",1872,ProQuest
"Fabiola, Wiseman",1854,Project Gutenberg
"Fair Margaret, Haggard",1907,Project Gutenberg
"Falkner, Shelley",1837,ProQuest
"Far from the Madding Crowd, Hardy",1874,ProQuest
"Father Tom and the Pope, Ferguson",1868,ProQuest
"Felix Holt, the Radical, Eliot",1866,ProQuest
"Fiction Fair and Foul, Ruskin",1880,ProQuest
"Finished, Haggard",1917,Project Gutenberg
"Fire in Stubble, Orczy",1912,Project Gutenberg
"Five Children and It, Nesbit",1902,Project Gutenberg
"Flatland, Abbott",1884,Project Gutenberg
"Fleetwood: Or, the New Man Of Feeling, Godwin",1805,ProQuest
"Foul Play, Reade",1869,Project Gutenberg
"Framley Parsonage, Trollope",1860,ProQuest
"Frankenstein; Or The Modern Prometheus 1818, Shelley",1818,ProQuest
"Frankenstein: Or, The Modern Prometheus 1831, Shelley",1831,ProQuest
"From Nowhere to the North Pole, Hood",1875,Internet Archive
"Gallia, Dowie",1895,Internet Archive
"Gaston de Blondeville, Radcliffe",1826,Internet Archive
"General Preface, Waverly Novels, Scott",1829,ProQuest
"Genius and Discipline in Literature, Masson",1863,ProQuest
"Glenarvon, Lamb",1816,ProQuest
"Godolphin, Bulwer-Lytton",1833,Project Gutenberg
"Gone to Earth, Webb",1917,Project Gutenberg
"Great Expectations, Dickens",1861,ProQuest
"Greatheart, Dell",1918,Project Gutenberg
"Green Mansions, Hudson",1904,Project Gutenberg
"Greenmantle, Buchan",1916,Project Gutenberg
"Griffith Gaunt, Reade",1866,Project Gutenberg
"Gryll Grange, Peacock",1860,Project Gutenberg
"Guarica, the Charib Bride, Herbert",1844,ProQuest
"Guy and Pauline, Mackenzie",1915,Project Gutenberg
"Guy De Maupassant, James",1888,ProQuest
"Guy Fawkes, Ainsworth",1840,Project Gutenberg
"Guy Mannering, Scott",1815,ProQuest
"Hadrian the Seventh, Rolfe",1904,Project Gutenberg
"Handley Cross, Surtees",1854,ProQuest
"Hard Cash. A Matter-of-Fact Romance, Reade",1863,ProQuest
"Hard Times, Dickens",1854,ProQuest
"Harrington, Edgeworth",1817,Internet Archive
"Hartmann the Anarchist, Fawcett",1892,Project Gutenberg
"He Knew He Was Right, Trollope",1869,Project Gutenberg
"Headlong Hall, Peacock",1816,Project Gutenberg
"Heart of Darkness, Conrad",1899,Project Gutenberg
"Heart of the World, Haggard",1895,Project Gutenberg
"Hegel's Lectures on Aesthetics, Lewes",1842,ProQuest
"Helbeck of Bannisdale, van Arnim",1898,Project Gutenberg
"Helen with a High Hand, Bennett",1910,Project Gutenberg
"Helen, Edgeworth",1834,Internet Archive
"Henrietta Temple, Disraeli",1837,Project Gutenberg
"Henry James: An Appreciation, Conrad",1905,ProQuest
"Hereward the Wake, Kingsley",1866,ProQuest
"Hermsprong, Bage",1796,ProQuest
"Hester, Oliphant",1883,Project Gutenberg
"Homer, Dante, And Michael Angelo, Alison",1845,ProQuest
"Homeric Translation in Theory and Practice, Newman",1861,ProQuest
"Howards End, Forster",1910,Project Gutenberg
"Hypatia, Kingsley",1853,Project Gutenberg
"Hypercritica, Bolton",1815,ProQuest
"I Will Repay, Orczy",1906,Project Gutenberg
"Illustrations on Sublimity, Beattie",1783,ProQuest
"Illustrative Notes on Poetry And Art, Dobell",1876,ProQuest
"Imaginary Conversations, Landor",1891,ProQuest
"Imagination And Fancy, Hunt",1845,ProQuest
"Imperfect Sympathies, Lamb",1823,ProQuest
"In Chancery, Galsworthy",1920,Internet Archive
"In the Days of the Comet, Wells",1906,Project Gutenberg
"In the Reign of Terror, Henty",1888,Project Gutenberg
"In The Roar Of The Sea, Baring-Gould",1892,ProQuest
"In the Wilderness, Hichens",1917,Project Gutenberg
"In the Year of Jubilee, Gissing",1894,Project Gutenberg
"Ingleborough Hall, and Lord of the Manor, Herbert",1847,ProQuest
"Innocent: Her Fancy and His Fact, Corelli",1914,Project Gutenberg
"Introduction Aristophanic Comedy, Frere",1908,ProQuest
"Introduction in, Selections from the Modern British Dramatists, Lewes.txt",1867,ProQuest
"Introductory Chapter in, Female Writers, Stodart",1842,ProQuest
"Introductory Discourse, A Series Of Plays, Baillie",1798,ProQuest
"Introductory Essay in, Letters of Percy Bysshe Shelley, Browning",1852,ProQuest
"It Is Never Too Late to Mend, Reade",1856,Project Gutenberg
"Ivanhoe, Scott",1819,ProQuest
"Jack O'Judgment, Wallace",1920,Project Gutenberg
"Jack Sheppard, Ainsworth",1839,ProQuest
"Jane Eyre, Brontë",1847,ProQuest
"Jess, Haggard",1887,Project Gutenberg
"Joan and Peter, Wells",1918,Project Gutenberg
"Joan Haste, Haggard",1895,Project Gutenberg
"John Bull's Adventures in the Fiscal Wonderland, Geake and Gould",1904,Internet Archive
"John Burnet of Barns, Buchan",1898,Project Gutenberg
"John Halifax, Gentleman, Craik",1856,Project Gutenberg
"John Inglesant, Shorthouse",1881,Project Gutenberg
"John Paul Frederick Richter, De Quincey",1890,ProQuest
"Jude the Obscure, Hardy",1895,ProQuest
"Kate Plus Ten, Wallace",1917,Internet Archive
"Keble's Lectures on Poetry 1832-1841, Keble",1844,ProQuest
"Kenilworth, Scott",1821,ProQuest
"Kept in the Dark, Trollope",1882,Project Gutenberg
"Kidnapped, Stevenson",1886,ProQuest
"Kim, Kipling",1901,Project Gutenberg
"King of the Khyber Rifles, Mundy",1916,Project Gutenberg
"King Solomon's Mines, Haggard",1885,ProQuest
"Kipps, Wells",1905,Project Gutenberg
"Kit and Kitty, Blackmore",1890,Project Gutenberg
"Kitty Carstairs, Bell",1917,Project Gutenberg
"Ladies Whose Bright Eyes, Ford",1911,Internet Archive
"Lady Anna, Trollope",1874,Project Gutenberg
"Lady Athlyne, Stoker",1908,Project Gutenberg
"Lady Audley's Secret, Braddon",1862,ProQuest
"Lady Connie, Ward",1916,Project Gutenberg
"Lady Nairne and Her Songs, Henderson",1900,ProQuest
"Lady Rose's Daughter, Ward",1903,Project Gutenberg
"Lady Susan, Austen",1794,Project Gutenberg
"Lalla Rookh; an Oriental Romance, Jeffrey",1844,ProQuest
"Language, De Quincey",1890,ProQuest
"Lavengro, Borrow",1851,ProQuest
"Lecture on the Development of English Literature, Clough",1869,ProQuest
"Lecture on the Poetry of Wordsworth, Clough",1869,ProQuest
"Lectures on Dramatic Literature, Hazlitt",1816,ProQuest
"Lectures on Poetry and General Literature, Montgomery",1833,ProQuest
"Lectures on Rhetoric and Belles Lettres, Blair",1783,ProQuest
"Lectures on the English Poets, Hazlitt",1818,ProQuest
"Leonora, Edgeworth",1806,Project Gutenberg
"Letter of Elia to Robert Southey, Lamb",1823,ProQuest
"Letter to xxx, Byron",1821,ProQuest
"Letter XXXIV in, Fors Clavigera, Ruskin",1873,ProQuest
"Letters to a Young Man whose Education has been Neglected, De Quincey",1890,ProQuest
"Life in London, Egan",1821,Project Gutenberg
"Light Literature and The Saturday Review, Stephen",1855,ProQuest
"Lilith, Macdonald",1895,Project Gutenberg
"Literature & Dogma, Arnold",1873,ProQuest
"Literature. A Lecture in the School of Philosophy and Letters, Newman.txt",1873,ProQuest
"Little Dorrit Review, Stephen",1855,ProQuest
"Little Dorrit, Dickens",1857,ProQuest
"Little Lord Fauntleroy, Burnett",1886,ProQuest
"Liza of Lambeth, Maugham",1897,Project Gutenberg
"Lodore, Shelley",1835,ProQuest
"Lord Byron---Mr Moore---and Mr Leigh Hunt, Hunt",1831,ProQuest
"Lord Jim, Conrad",1900,Project Gutenberg
"Lord of the World, Benson",1907,Project Gutenberg
"Lord Tony's Wife, Orczy",1917,Project Gutenberg
"Lorna Doone, Blackmore",1869,ProQuest
"Loss and Gain, Newman",1848,ProQuest
"Lothair, Disraeli",1870,ProQuest
"Love Among the Chickens, Wodehouse",1906,Project Gutenberg
"Love and Mr Lewisham, Wells",1900,Project Gutenberg
"Love Eternal, Haggard",1918,Project Gutenberg
"Lovel the Widower, Thackeray",1861,ProQuest
"Lysbeth, Haggard",1901,Project Gutenberg
"Madame Bovary Review, Stephen",1855,ProQuest
"Madame de Mauves, James",1874,Project Gutenberg
"Madame de Stael's New Work, Hazlitt",1813,ProQuest
"Maid Marian, Peacock",1822,Project Gutenberg
"Maiwa's Revenge, Haggard",1888,Project Gutenberg
"Man and Wife, Collins",1870,ProQuest
"Man As He Is, Bage",1792,ProQuest
"Manalive, Chesterton",1912,Project Gutenberg
"Mandeville, Godwin",1817,Internet Archive
"Manfred; a Dramatic Poem Review, Jeffrey",1844,ProQuest
"Mansfield Park, Austen",1814,ProQuest
"Marcella, Warde",1894,Project Gutenberg
"Maria, Wollstonecraft",1792,Project Gutenberg
"Marie, Haggard",1912,Project Gutenberg
"Marius the Epicurean, Pater",1885,Project Gutenberg
"Marmaduke Wyvil; or, The Maid's Revenge, Herbert",1843,ProQuest
"Marriage, Ferrier",1818,ProQuest
"Marriage, Wells",1912,Project Gutenberg
"Martin Chuzzlewit, Dickens",1844,Project Gutenberg
"Mary Anerley, Blackmore",1880,Project Gutenberg
"Mary Barton, Gaskell",1848,ProQuest
"Mary Marston, Macdonald",1881,Project Gutenberg
"Mary, Wollstonecraft",1788,ProQuest
"Masterman Ready, or the Wreck of the Pacific, Marryat",1841,Project Gutenberg
"Mathilda, Shelley",1819,Project Gutenberg
"Maud, and other Poems Review, Masson",1855,ProQuest
"Meadowsweet, Orczy",1912,Internet Archive
"Meccania, Gregory",1918,Project Gutenberg
"Melincourt, Peacock",1817,Internet Archive
"Melmoth the Wanderer, Maturin",1820,ProQuest
"Memoirs of Emma Courtney, Hays",1796,ProQuest
"Memoirs of Modern Philosophers, Hamilton",1800,Internet Archive
"Memoirs of the Life of Sir Joshua Reynolds, Hazlitt",1820,ProQuest
"Men and Women Review, Masson",1856,ProQuest
"Men's Wives, Thackeray",1852,Project Gutenberg
"Mentoria; or, The Young Lady's Friend, Volume 2, Rowson",1794,ProQuest
"Meredith; or, The Mystery of the Meschianza, McHenry",1831,ProQuest
"Micah Clarke, Doyle",1889,Project Gutenberg
"Middlemarch, Eliot",1871,ProQuest
"Mike, Wodehouse",1909,Project Gutenberg
"Miranda of the Balcony, Mason",1911,Project Gutenberg
"Miscellaneous Observations on Genius, Taste, Good Sense, More",1791,ProQuest
"Miss Mackenzie, Trollope",1865,Project Gutenberg
"Miss Marjoribanks, Oliphant",1866,Project Gutenberg
"Mixed Essays, Arnold",1879,ProQuest
"Modern Chivalry Containing the Adventures of a Captain and Teague O'Regan, His Servant, Part II Volume 1, Breckenridge",1804,ProQuest
"Modern Chivalry: Containing the Adventures of a Captain, & Part II volume 1, Breckenridge",1804,ProQuest
"Modern Chivalry: Containing the Adventures of a Captain, & Part II volume 2, Brackenridge",1804,ProQuest
"Modern Chivalry: Containing the Adventures of Captain John Farrago, and Teague O'Regan, His Servant, Part I, Volumes 1-3, Brackenridge",1792,ProQuest
"Modern Chivalry: Containing the Adventures Of Captain John Farrago, and Teague O'regan, His Servant, Part II, Volume 4, Brackenridge",1815,ProQuest
"Modern Chivalry: Containing the Adventures of Captain John Farrago, and Teague O'Regan, His Servant, Volume IV, Brackenridge",1792,ProQuest
"Modern Painters. Volume III, Ruskin",1856,ProQuest
"Modern Romance and Novel, Moir",1842,ProQuest
"Molly Bawn, Hungerford",1878,Project Gutenberg
"Montezuma's Daughter, Haggard",1893,Project Gutenberg
"Moon of Israel, Haggard",1918,Project Gutenberg
"Moore and Byron, Hazlitt",1823,ProQuest
"Mordaunt, Moore",1800,ProQuest
"Morning Star, Haggard",1910,Project Gutenberg
"Mr Coleridge's Lay Sermon, Hazlitt",1816,ProQuest
"Mr Meeson's Will, Haggard",1888,Project Gutenberg
"Mr Midshipman Easy, Marryat",1836,Project Gutenberg
"Mr Standfast, Buchan",1919,Project Gutenberg
"Mr. Britling Sees It Through, Wells",1916,Project Gutenberg
"Mr. Grex of Monte Carlo, Oppenheim",1915,Project Gutenberg
"Mr. Hazlitt and the Utilitarians, Hunt",1830,ProQuest
"Mr. Justice Raffles, Hornung",1909,Project Gutenberg
"Mrs Craddock, Maugham",1902,Project Gutenberg
"Mrs. Armytage, Gore",1836,ProQuest
"Mrs. Overtheway's Remembrances, Ewing",1869,Project Gutenberg
"My Lady Caprice, Farnol",1907,Project Gutenberg
"My Lady Ludlow, Gaskell",1858,Project Gutenberg
"My Shooting Box, Forester",1846,ProQuest
"Mysterious Mr. Sabin, Oppenheim",1898,Project Gutenberg
"Nada the Lily, Haggard",1892,Project Gutenberg
"Narrative in, Female Writers, Stodart",1842,ProQuest
"Nature and Art, Inchbald",1796,ProQuest
"Neglected Genius, Byron",1825,ProQuest
"New Amazonia, Corbett",1889,Project Gutenberg
"New Grub Street, Gissing",1891,ProQuest
"New Poets, Patmore",1856,ProQuest
"News from Nowhere, Morris",1890,ProQuest
"Newton Forster, Marryat",1832,Project Gutenberg
"Nicholas Nickleby, Dickens",1839,Project Gutenberg
"Night and Day, Woolf",1919,Project Gutenberg
"Nightmare Abbey, Peacock",1818,ProQuest
"No Name, Collins",1862,ProQuest
"No Thoroughfare, Dickens and Collins",1867,Project Gutenberg
"North and South, Gaskell",1855,ProQuest
"Northanger Abbey, Austen",1817,Project Gutenberg
"Nostromo, Conrad",1904,Project Gutenberg
"Not George Washington, Wodehouse",1907,Project Gutenberg
"Notes on Gilfillan's Literary Portraits, De Quincey",1890,ProQuest
"Notes on Poems and Reviews, Swinburne",1866,ProQuest
"Novels and Novelists, Stephen",1855,ProQuest
"Now and Then, Warren",1847,Internet Archive
"O'Halloran; or, The Insurgent Chief, McHenry",1824,ProQuest
"Oakfield; or, Fellowship in the East, Arnold",1853,Internet Archive
"Observations upon 'Observations', Byron",1832,ProQuest
"Of Human Bondage, Maugham",1915,Project Gutenberg
"Old Friends and New Fancies, Brinton",1913,Project Gutenberg
"Old Mortality, Scott",1816,ProQuest
"Old St. Paul's, Ainsworth",1841,Project Gutenberg
"Olga Romanoff, Griffith",1894,Project Gutenberg
"Oliver Goldsmith, De Quincey",1890,ProQuest
Oliver Twist. Dickens,1838,ProQuest
"On Art in Fiction, Lytton",1838,ProQuest
"On Certain Principles of Art in Works of Imagination, Lytton",1863,ProQuest
"On Criticism, Hazlitt",1824,ProQuest
"On English Poetry, Cornwall",1825,ProQuest
"On English Tragedy, Cornwall",1853,ProQuest
"On Essay-Writing in General, Lytton",1863,ProQuest
"On Fable And Romance, Beattie",1783,ProQuest
"On Familiar Style, Hazlitt",1824,ProQuest
"On Genius and Common Sense vol 1, Hazlitt",1824,ProQuest
"On Genius and Common Sense vol 2, Hazlitt",1824,ProQuest
"On Hyperbole, Goldsmith",1892,ProQuest
"On Life, Shelley",1840,ProQuest
"On Love, Shelley",1840,ProQuest
"On Metaphors, Goldsmith",1892,ProQuest
"On Milton's Sonnets, Hazlitt",1824,ProQuest
"On Modern Female Cultivation. No. I, Jewsbury",1832,ProQuest
"On Modern Female Cultivation. No. II, Jewsbury",1832,ProQuest
"On Modern Female Cultivation. No. III, Jewsbury",1832,ProQuest
"On Modern Female Cultivation. No. IV, Jewsbury",1832,ProQuest
"On Periodical Essays, Hunt",1808,ProQuest
"On Picturesque Beauty, Gilpin",1792,ProQuest
"On Poetry in, Varieties in Prose, Allingham",1893,ProQuest
"On Poetry, as Distinguished from other Writing, Goldsmith",1892,ProQuest
"On Reading Romances, Hays",1793,ProQuest
"On Rhythm in Prose, Lytton",1863,ProQuest
"On Some of the Characteristics of Modern Poetry, Hallam",1831,ProQuest
"On Style and Diction, Lytton",1863,ProQuest
"On Style in Literature: Its Technical Elements, Stevenson",1885,ProQuest
"On the Ancient and Modern Influence of Poetry, Landon",1836,ProQuest
"On the Character of Mrs. Heman's Writings, Landon",1836,ProQuest
"On the Conversation of Authors The Same Subject Continued, Hazlitt",1826,ProQuest
"On the Cultivation of Taste, Goldsmith",1892,ProQuest
"On the Face of the Waters, Steel",1896,Project Gutenberg
"On the Formation of Classical English, Clough",1869,ProQuest
"On the Genius & Character of Hogarth, Lamb",1818,ProQuest
"On The Knocking At The Gate In Macbeth, De Quincey",1890,ProQuest
"On the Modern Element in Literature, Arnold",1869,ProQuest
"On the Moral Effect of Writers, Lytton",1863,ProQuest
"On the Mystical Poetry of the Persians and Hindus, Jones",1799,ProQuest
"On the Origin and Progress Of Novel-Writing, Babauld",1820,ProQuest
"On the Picturesque and Ideal, Hazlitt",1824,ProQuest
"On the Pleasure of Painting The same subject continued, Hazlitt",1824,ProQuest
"On the Pleasure of Painting, Hazlitt",1824,ProQuest
"On the Poetical Works of George Wither, Lamb",1818,ProQuest
"On the Prose-Style of Poets, Hazlitt",1826,ProQuest
"On the Science of Criticism, Lewes",1866,ProQuest
"On the Symposium, Shelley",1840,ProQuest
"On The Total Defect of The Quality of Imagination, Lamb",1833,ProQuest
"On the Tragedies of Shakspeare, Lamb",1818,ProQuest
"On the Use of Metaphor and Pathetic Fallacy in Poetry, Noel",1866,ProQuest
"On Translating Homer; Last Words, Arnold",1862,ProQuest
"On Translating Homer; Three Lectures, Arnold",1861,ProQuest
"On Versification, Goldsmith",1892,ProQuest
"On Wordsworth's Poetry, De Quincey",1890,ProQuest
"One of Our Conquerors, Meredith",1891,ProQuest
"Onesimus: Memoirs of a Disciple of St. Paul, Abbott",1882,Project Gutenberg
"Originality of Milton's harmonious use of Proper Names, Hunt",1825,ProQuest
"Orley Farm, Trollope",1861,Project Gutenberg
"Ormond, Edgeworth",1817,ProQuest
"Our Mutual Friend, Dickens",1865,ProQuest
"Paddy the Next Best Thing, Page",1908,Project Gutenberg
"Passionate Friends, Wells",1913,Project Gutenberg
"Patronage, Edgeworth",1814,ProQuest
"Paul Clifford, Bulwer-Lytton",1830,Project Gutenberg
"Paul Kelver, Jerome",1902,Project Gutenberg
"Pearl Maiden, Haggard",1903,Project Gutenberg
"Peg Woffington, Reade",1853,Project Gutenberg
"Pelham, Lytton",1828,ProQuest
"Pendennis, Thackeray",1850,Project Gutenberg
"Percival Keene, Marryat",1844,Project Gutenberg
"Perlycross, Blackmore",1894,Project Gutenberg
"Persons and Pictures from the Histories of France and England, Herbert",1854,ProQuest
"Persuasion, Austen",1818,ProQuest
"Peter and Wendy, Barrie",1911,Project Gutenberg
"Peter Bell, a Lyrical Ballad, Hunt",1819,ProQuest
"Peter Pan in Kensington Gardens, Barrie",1906,Project Gutenberg
"Peter Simple, Marryat",1834,ProQuest
"Petticoat Government, Orczy",1910,Project Gutenberg
"Peveril of the Peak, Scott",1823,Project Gutenberg
"Phantastes, MacDonald",1858,Project Gutenberg
"Phineas Finn, the Irish Member. By Anthony Trollope",1869,ProQuest
"Phineas Redux, Trollope",1873,ProQuest
"Phoebe, Junior, Oliphant",1876,Project Gutenberg
"Piccadilly Jim, Wodehouse",1917,Project Gutenberg
"Pierre, the Partisan, Herbert",1848,ProQuest
"Pip, Hay",1907,Project Gutenberg
"Poems by Alfred Tennyson, Hunt",1842,ProQuest
"Poems by William Robert Spencer, Byron",1825,ProQuest
"Poems. By the Reverend George Crabbe Review, Jeffrey",1844,ProQuest
"Poetics An Essay On Poetry, Dallas",1852,ProQuest
"Poetry and Poetesses, Stodart",1842,ProQuest
"Poetry, with Reference to Aristotle's Poetics, Newman",1871,ProQuest
"Pointed Roofs, Richardson",1915,Project Gutenberg
"Poor Jack, Marryat",1840,Project Gutenberg
"Poor Miss Finch, Collins",1872,Project Gutenberg
"Poor Relations, Mackenzie",1919,Project Gutenberg
"Popanilla, Disraeli",1828,Project Gutenberg
"Popular Fallacies That my Lord Shaftesbury, Lamb",1826,ProQuest
"Popular Fallacies. That great wit, Lamb",1826,ProQuest
"Popularity in Authorship, Clare",1829,ProQuest
"Posthumous Poems of Percy Bysshe Shelley, Hazlitt",1824,ProQuest
"Preface in, Poems, Arnold",1853,ProQuest
"Preface in, Roderick Hudson, James",1907,ProQuest
"Preface in, The Ambassadors, James",1909,ProQuest
"Preface in, The Iliad Of Homer, Newman",1856,ProQuest
"Preface in, The Odes of Horace, Newman",1853,ProQuest
"Preface in, The Portrait of a Lady, James",1908,ProQuest
"Preface in, The Princess Casamassima, James",1909,ProQuest
"Preface in, The Tragic Muse, James",1909,ProQuest
"Preface to Prometheus Unbound, Shelley",1820,ProQuest
"Preface to this Edition in, Literature Dogma, Arnold",1889,ProQuest
"Preface, Including Cursory Observations On Poetry And Cheerfulness from Foliage, Hunt",1818,ProQuest
"Prester John, Buchan",1910,Project Gutenberg
"Pride and Prejudice, Austen",1813,ProQuest
"Prince Otto, Stevenson",1885,Project Gutenberg
"Princess Priscilla's Fortnight, von Arnim",1905,Project Gutenberg
"Prose, McDermott",1832,ProQuest
"Psmith in the City, Wodehouse",1910,Project Gutenberg
"Psmith, Journalist, Wodehouse",1915,Project Gutenberg
"Publishers' Circulars and Literary Advertisements for 1854, Masson",1854,ProQuest
Punch or the London Charivari vol 001,1841,HathiTrust
Punch or the London Charivari vol 002,1842,HathiTrust
Punch or the London Charivari vol 003,1842,HathiTrust
Punch or the London Charivari vol 004,1843,HathiTrust
Punch or the London Charivari vol 005,1843,HathiTrust
Punch or the London Charivari vol 006,1844,HathiTrust
Punch or the London Charivari vol 007,1844,HathiTrust
Punch or the London Charivari vol 008,1845,HathiTrust
Punch or the London Charivari vol 009,1845,HathiTrust
Punch or the London Charivari vol 010,1846,HathiTrust
Punch or the London Charivari vol 011,1846,HathiTrust
Punch or the London Charivari vol 012,1847,HathiTrust
Punch or the London Charivari vol 013,1847,HathiTrust
Punch or the London Charivari vol 014,1848,HathiTrust
Punch or the London Charivari vol 015,1848,HathiTrust
Punch or the London Charivari vol 016,1849,HathiTrust
Punch or the London Charivari vol 017,1849,HathiTrust
Punch or the London Charivari vol 018,1850,HathiTrust
Punch or the London Charivari vol 019,1850,HathiTrust
Punch or the London Charivari vol 020,1851,HathiTrust
Punch or the London Charivari vol 021,1851,HathiTrust
Punch or the London Charivari vol 022,1852,HathiTrust
Punch or the London Charivari vol 023,1852,HathiTrust
Punch or the London Charivari vol 024,1853,HathiTrust
Punch or the London Charivari vol 025,1853,HathiTrust
Punch or the London Charivari vol 026,1854,HathiTrust
Punch or the London Charivari vol 027,1854,HathiTrust
Punch or the London Charivari vol 028,1855,HathiTrust
Punch or the London Charivari vol 029,1855,HathiTrust
Punch or the London Charivari vol 030,1856,HathiTrust
Punch or the London Charivari vol 031,1856,HathiTrust
Punch or the London Charivari vol 032,1857,HathiTrust
Punch or the London Charivari vol 033,1857,HathiTrust
Punch or the London Charivari vol 034,1858,HathiTrust
Punch or the London Charivari vol 035,1858,HathiTrust
Punch or the London Charivari vol 036,1859,HathiTrust
Punch or the London Charivari vol 037,1859,HathiTrust
Punch or the London Charivari vol 038,1860,HathiTrust
Punch or the London Charivari vol 039,1860,HathiTrust
Punch or the London Charivari vol 040,1861,HathiTrust
Punch or the London Charivari vol 041,1861,HathiTrust
Punch or the London Charivari vol 042,1862,HathiTrust
Punch or the London Charivari vol 043,1862,HathiTrust
Punch or the London Charivari vol 044,1863,HathiTrust
Punch or the London Charivari vol 045,1863,HathiTrust
Punch or the London Charivari vol 046,1864,HathiTrust
Punch or the London Charivari vol 047,1864,HathiTrust
Punch or the London Charivari vol 048,1865,HathiTrust
Punch or the London Charivari vol 049,1865,HathiTrust
Punch or the London Charivari vol 050,1866,HathiTrust
Punch or the London Charivari vol 051,1866,HathiTrust
Punch or the London Charivari vol 052,1867,HathiTrust
Punch or the London Charivari vol 053,1867,HathiTrust
Punch or the London Charivari vol 054,1868,HathiTrust
Punch or the London Charivari vol 055,1868,HathiTrust
Punch or the London Charivari vol 056,1869,HathiTrust
Punch or the London Charivari vol 057,1869,HathiTrust
Punch or the London Charivari vol 058,1870,HathiTrust
Punch or the London Charivari vol 059,1870,HathiTrust
Punch or the London Charivari vol 060,1871,HathiTrust
Punch or the London Charivari vol 061,1871,HathiTrust
Punch or the London Charivari vol 062,1872,HathiTrust
Punch or the London Charivari vol 063,1872,HathiTrust
Punch or the London Charivari vol 064,1873,HathiTrust
Punch or the London Charivari vol 065,1873,HathiTrust
Punch or the London Charivari vol 066,1874,HathiTrust
Punch or the London Charivari vol 067,1874,HathiTrust
Punch or the London Charivari vol 068,1875,HathiTrust
Punch or the London Charivari vol 069,1875,HathiTrust
Punch or the London Charivari vol 070,1876,HathiTrust
Punch or the London Charivari vol 071,1876,HathiTrust
Punch or the London Charivari vol 072,1877,HathiTrust
Punch or the London Charivari vol 073,1877,HathiTrust
Punch or the London Charivari vol 074,1878,HathiTrust
Punch or the London Charivari vol 075,1878,HathiTrust
Punch or the London Charivari vol 076,1879,HathiTrust
Punch or the London Charivari vol 077,1879,HathiTrust
Punch or the London Charivari vol 078,1880,HathiTrust
Punch or the London Charivari vol 079,1880,HathiTrust
Punch or the London Charivari vol 080,1881,HathiTrust
Punch or the London Charivari vol 081,1881,HathiTrust
Punch or the London Charivari vol 082,1882,HathiTrust
Punch or the London Charivari vol 083,1882,HathiTrust
Punch or the London Charivari vol 084,1883,HathiTrust
Punch or the London Charivari vol 085,1883,HathiTrust
Punch or the London Charivari vol 086,1884,HathiTrust
Punch or the London Charivari vol 087,1884,HathiTrust
Punch or the London Charivari vol 088,1885,HathiTrust
Punch or the London Charivari vol 089,1885,HathiTrust
Punch or the London Charivari vol 090,1886,HathiTrust
Punch or the London Charivari vol 091,1886,HathiTrust
Punch or the London Charivari vol 092,1887,HathiTrust
Punch or the London Charivari vol 093,1887,HathiTrust
Punch or the London Charivari vol 094,1888,HathiTrust
Punch or the London Charivari vol 095,1888,HathiTrust
Punch or the London Charivari vol 096,1889,HathiTrust
Punch or the London Charivari vol 097,1889,HathiTrust
Punch or the London Charivari vol 098,1890,HathiTrust
Punch or the London Charivari vol 099,1890,HathiTrust
Punch or the London Charivari vol 100,1891,HathiTrust
Punch or the London Charivari vol 101,1891,HathiTrust
Punch or the London Charivari vol 102,1892,HathiTrust
Punch or the London Charivari vol 103,1892,HathiTrust
Punch or the London Charivari vol 104,1893,HathiTrust
Punch or the London Charivari vol 105,1893,HathiTrust
Punch or the London Charivari vol 106,1894,HathiTrust
Punch or the London Charivari vol 107,1894,HathiTrust
Punch or the London Charivari vol 108,1895,HathiTrust
Punch or the London Charivari vol 109,1895,HathiTrust
Punch or the London Charivari vol 110,1896,HathiTrust
Punch or the London Charivari vol 111,1896,HathiTrust
Punch or the London Charivari vol 112,1897,HathiTrust
Punch or the London Charivari vol 113,1897,HathiTrust
Punch or the London Charivari vol 114,1898,HathiTrust
Punch or the London Charivari vol 115,1898,HathiTrust
Punch or the London Charivari vol 116,1899,HathiTrust
Punch or the London Charivari vol 117,1899,HathiTrust
Punch or the London Charivari vol 118,1900,HathiTrust
Punch or the London Charivari vol 119,1900,HathiTrust
Punch or the London Charivari vol 120,1901,HathiTrust
Punch or the London Charivari vol 121,1901,HathiTrust
Punch or the London Charivari vol 122,1902,HathiTrust
Punch or the London Charivari vol 123,1902,HathiTrust
Punch or the London Charivari vol 124,1903,HathiTrust
Punch or the London Charivari vol 125,1903,HathiTrust
Punch or the London Charivari vol 126,1904,HathiTrust
Punch or the London Charivari vol 127,1904,HathiTrust
Punch or the London Charivari vol 128,1905,HathiTrust
Punch or the London Charivari vol 129,1905,HathiTrust
Punch or the London Charivari vol 130,1906,HathiTrust
Punch or the London Charivari vol 131,1906,HathiTrust
Punch or the London Charivari vol 132,1907,HathiTrust
Punch or the London Charivari vol 133,1907,HathiTrust
Punch or the London Charivari vol 134,1908,HathiTrust
Punch or the London Charivari vol 135,1908,HathiTrust
Punch or the London Charivari vol 136,1909,HathiTrust
Punch or the London Charivari vol 137,1909,HathiTrust
Punch or the London Charivari vol 138,1910,HathiTrust
Punch or the London Charivari vol 139,1910,HathiTrust
Punch or the London Charivari vol 140,1911,HathiTrust
Punch or the London Charivari vol 141,1911,HathiTrust
Punch or the London Charivari vol 142,1912,HathiTrust
Punch or the London Charivari vol 143,1912,HathiTrust
Punch or the London Charivari vol 144,1913,HathiTrust
Punch or the London Charivari vol 145,1913,HathiTrust
Punch or the London Charivari vol 146,1914,HathiTrust
Punch or the London Charivari vol 147,1914,HathiTrust
Punch or the London Charivari vol 148,1915,HathiTrust
Punch or the London Charivari vol 149,1915,HathiTrust
Punch or the London Charivari vol 150,1916,HathiTrust
Punch or the London Charivari vol 151,1916,HathiTrust
Punch or the London Charivari vol 152,1917,HathiTrust
Punch or the London Charivari vol 153,1917,HathiTrust
Punch or the London Charivari vol 154,1918,HathiTrust
Punch or the London Charivari vol 155,1918,HathiTrust
Punch or the London Charivari vol 156,1919,HathiTrust
Punch or the London Charivari vol 157,1919,HathiTrust
Punch or the London Charivari vol 158,1920,HathiTrust
Punch or the London Charivari vol 159,1920,HathiTrust
"Queen of the Rushes, Raine",1906,Internet Archive
"Queen Sheba's Ring, Haggard",1910,Project Gutenberg
"Quentin Durward, Scott",1823,ProQuest
"Rachel Ray, Trollope",1863,Project Gutenberg
"Ralph the Heir, Trollope",1871,Project Gutenberg
"Ranald Bannerman's Boyhood, Macdonald",1871,Project Gutenberg
"Realism in Art: Recent German Fiction, Lewes",1858,ProQuest
"Rebecca and Rowena, Thackeray",1850,ProQuest
"Recent Works of Fiction. Ruth Review, Anonymous",1853,ProQuest
"Records of Women Review, Jeffrey",1844,ProQuest
"Red Eve, Haggard",1911,Project Gutenberg
"Red Pottage, Cholmondeley",1899,Project Gutenberg
"Redgauntlet, Scott",1824,ProQuest
"Regiment of Women, Dane",1917,Project Gutenberg
"Remarks Suggested By The Perusal of Mr Hazlitt's Plain Speaker, Hunt",1828,ProQuest
"Restored, Spender",1871,Internet Archive
"Reuben and Rachel; or, Tales of Old Times, Volume 2, Rowson",1798,ProQuest
"Review of Madame de Stael's Account of German Philosophy and Literature, Hazlitt",1814,ProQuest
"Review of Some Poems by Alexander Smith and Matthew Arnold, Clough",1869,ProQuest
"Review of Wordsworth's Poems, Byron",1832,ProQuest
"Rhetoric, De Quincey",1890,ProQuest
"Rhys Lewis, Owen",1885,Internet Archive
"Ringwood the Rover: A Tale of Florida, Herbert",1843,ProQuest
"Rob Roy, Scott",1817,ProQuest
"Robert Elsmere, Ward",1888,ProQuest
"Roderick Hudson, James",1875,Project Gutenberg
"Rodney Stone, Doyle",1896,Project Gutenberg
"Romance, Conrad and Ford",1903,Project Gutenberg
"Romola, Eliot",1863,ProQuest
"Rookwood, Ainsworth",1834,Project Gutenberg
"Running Water, Mason",1907,Project Gutenberg
"Rupert of Hentzau, Hope",1898,Project Gutenberg
"Ruth, Gaskell",1853,ProQuest
"Saint Ronan's Well, Hogg",1823,Internet Archive
"Sainte-Beuve, Arnold",1886,ProQuest
"Salem Chapel: Chronicles of Carlingford, Oliphant",1863,ProQuest
"Salute to Adventurers, Buchan",1915,Project Gutenberg
"Sarah; or, The Exemplary Wife, Rowson",1813,ProQuest
"Sardanapalus, a Tragedy, Jeffrey",1844,ProQuest
"Sartor Resartus, Carlyle",1869,ProQuest
"Savrola, Churchill",1899,Project Gutenberg
"Scenes of Clerical Life, Eliot",1858,ProQuest
"Secresy, Fenwick",1795,ProQuest
"Self-Control, Brunton",1811,ProQuest
"Sense and Sensibility, Austen",1811,ProQuest
"Shakspeare, De Quincey",1890,ProQuest
"Shakspeare's Critics: English and Foreign, Lewes",1849,ProQuest
"She: A History of Adventure, Haggard",1887,ProQuest
"She's All the World to Me, Caine",1885,Project Gutenberg
"Shelley's 'Wandering Jew', Jewsbury",1831,ProQuest
"Shirley, Brontë",1849,ProQuest
"Silas Marner, Eliot",1861,ProQuest
"Silly Novels by Lady Novelists, Eliot",1856,ProQuest
"Sinister Street, Mackenzie",1913,Project Gutenberg
"Sir George Tressady, Ward",1896,Project Gutenberg
"Sir Harry Hotspur of Humblethwaite, Trollope",1871,Project Gutenberg
"Sir Nigel, Doyle",1906,Project Gutenberg
"Sir Quixote of the Moors, Buchan",1895,Project Gutenberg
"Sir Walter Scott, Racine, and Shakespear, Hazlitt",1826,ProQuest
"Sketches of the Living Poets Bowles, Hunt",1821,ProQuest
"Sketches of the Living Poets Byron, Hunt",1821,ProQuest
"Sketches of the Living Poets Campbell, Hunt",1821,ProQuest
"Sketches of The Living Poets Coleridge, Hunt",1821,ProQuest
"Some Observations upon an Article in Blackwood's Magazine, Byron",1833,ProQuest
"Something Fresh, Wodehouse",1915,Project Gutenberg
"Sons and Lovers, Lawrence",1913,Project Gutenberg
"South Wind, Douglas",1917,Project Gutenberg
"Spinoza and the Bible, Arnold",1889,ProQuest
"Spinoza, Arnold",1865,ProQuest
"Sporting Scenes and Sundry Sketches, Herbert",1842,ProQuest
"Springhaven, Blackmore",1887,Project Gutenberg
"Squire Arden, Oliphant",1871,Project Gutenberg
"St. Irvyne, Shelley",1811,ProQuest
"St. Ives, Stevenson",1897,Project Gutenberg
"St. Leon, Godwin",1799,ProQuest
"St. Martin's Eve, Wood",1866,Project Gutenberg
"Stalky & Co., Kipling",1899,Project Gutenberg
"Standard Novels and Romances, Hazlitt",1815,ProQuest
"Stella Fregelius, Haggard",1904,Project Gutenberg
"Stingaree, Hornung",1905,Project Gutenberg
"Story of My Heart, Jefferies",1883,Project Gutenberg
"Strange Case of Dr Jekyll and Mr Hyde, Stevenson",1886,ProQuest
"Style, De Quincey",1890,ProQuest
"Sunny Ducrow, Cooper",1919,Internet Archive
"Swallow, Haggard",1899,Project Gutenberg
"Sybil, Disraeli",1845,ProQuest
"Sylvia and Michael, Mackenzie",1919,Project Gutenberg
"Sylvia Scarlett, Mackenzie",1918,Project Gutenberg
"Sylvia's Lovers, Gaskell",1863,ProQuest
"Sylvie and Bruno Concluded, Carroll",1893,Project Gutenberg
"Sylvie and Bruno, Carroll",1889,Project Gutenberg
"Tales of Fashionable Life Review, Jeffrey",1844,ProQuest
"Tales of the Crusaders, Scott",1825,Project Gutenberg
"Tales of the Spanish Seas, Herbert",1847,ProQuest
"Tancred, Disraeli",1847,ProQuest
"Tarr, Lewis",1918,Project Gutenberg
"Ten Thousand a-Year, Warren",1841,Project Gutenberg
"Tennyson's Poems, Mill",1835,ProQuest
"Tess of the d'Urbervilles, Hardy",1891,ProQuest
"Thaddeus of Warsaw, Porter",1803,Project Gutenberg
"The Abbot, Scott",1820,Project Gutenberg
"The Absentee, Edgeworth",1812,ProQuest
"The Adventures of a Donkey, Argus",1815,Internet Archive
"The Adventures of Harry Richmond, Meredith",1870,Project Gutenberg
"The Adventures of Hugh Trevor, Holcroft",1794,ProQuest
"The Adventures of Mr. Verdant Green, Bede",1853,Project Gutenberg
The Adventures of Philip on His Way Through the World,1862,ProQuest
"The Affair at the Semiramis Hotel, Mason",1917,Project Gutenberg
"The Amateur Gentleman, Farnol",1913,Project Gutenberg
"The American Prisoner, Phillpotts",1904,Project Gutenberg
"The American Senator, Trollope",1877,Project Gutenberg
"The American, James",1877,Project Gutenberg
"The Ancient Allan, Haggard",1920,Project Gutenberg
"The Angel of the Revolution, Griffith",1893,Project Gutenberg
"The Antiquary, Scott",1830,ProQuest
"The Arrow of Gold, Conrad",1919,Project Gutenberg
"The Art of Fiction, Conrad",1897,ProQuest
"The Art of Fiction, James",1888,ProQuest
"The Art Of Fiction; a Lecture, Besant",1884,ProQuest
"The Aspern Papers, James",1888,Project Gutenberg
"The Autobiography of Mark Rutherford, White",1881,ProQuest
"The Awkward Age, James",1899,Project Gutenberg
"The Ayrshire Legatees, Galt",1821,ProQuest
"The Ball and the Cross, Chesterton",1909,Project Gutenberg
"The Bars of Iron, Dell",1916,Project Gutenberg
"The Battle of Dorking, Chesney",1871,ProQuest
"The Battle of Life, Dickens",1846,Project Gutenberg
"The Beach of Dreams, Stacpoole",1919,Project Gutenberg
"The Beach of Falesa, Stevenson",1893,ProQuest
"The Beetle, Marsh",1897,Project Gutenberg
"The Beloved Vagabond, Locke",1906,Project Gutenberg
"The Belton Estate, Trollope",1865,Project Gutenberg
"The Betrothed of Wyoming, McHenry",1830,ProQuest
"The Betrothed, Scott",1825,Project Gutenberg
"The Big Bow Mystery, Zangwill",1892,Project Gutenberg
"The Black Arrow: A Tale of the Two Roses, Stevenson",1888,Project Gutenberg
"The Black Douglas, Crockett",1899,Project Gutenberg
"The Black Dwarf, Scott",1816,ProQuest
"The Black Robe, Collins",1881,Project Gutenberg
"The Blotting Book, Benson",1908,Project Gutenberg
"The Blue Lagoon, Stacpoole",1908,Project Gutenberg
"The Boats of the ""Glen Carrig"", Hodgson",1907,Project Gutenberg
"The Bondman, Caine",1890,Project Gutenberg
"The Book of Snobs, Thackeray",1848,Project Gutenberg
"The Bostonians, James",1886,Project Gutenberg
"The Brass Bottle, Guthrie",1900,Project Gutenberg
"The Brethren, Haggard",1904,Project Gutenberg
"The Bride of Lammermoor, Scott",1819,ProQuest
"The Broad Arrow, Leakey",1859,Internet Archive
"The Broad Highway, Farnol",1910,Project Gutenberg
"The Broken Road, Mason",1907,Project Gutenberg
"The Bronze Eagle, Orczy",1915,Project Gutenberg
"The Brothers: A Tale of the Fronde Vol 2, Herbert",1835,ProQuest
"The Call of the Blood, Hichens",1906,Project Gutenberg
"The Canterville Ghost, Wilde",1887,Project Gutenberg
"The Card, Bennett",1911,Project Gutenberg
"The Carved Lions, Molesworth",1895,Project Gutenberg
"The Case of Richard Meynell, Ward",1911,Project Gutenberg
"The Cask, Crofts",1920,Project Gutenberg
"The Cat of Bubastes, Henty",1889,Project Gutenberg
"The Cavaliers of England, Herbert",1852,ProQuest
"The Caxtons, Bulwer-Lytton",1849,Project Gutenberg
"The Channings, Wood",1862,Project Gutenberg
"The Chevaliers of France, Herbert",1853,ProQuest
"The Children of the New Forest, Marryat",1847,Project Gutenberg
"The Chimes, Dickens",1844,Project Gutenberg
"The Chink in the Armour, Lowndes",1912,Project Gutenberg
"The Claverings, Trollope",1867,Project Gutenberg
"The Cloister and the Hearth, Reade",1860,ProQuest
"The Clue of the Twisted Candle, Wallace",1918,Project Gutenberg
"The Coming of Bill, Wodehouse",1919,Project Gutenberg
"The Coming Race, Lytton",1871,ProQuest
"The Convent School, or Early Experiences of A Young Flagellant, Coote",1876,Project Gutenberg
"The Coral Island, Ballantyne",1857,ProQuest
"The Courtship of Morrice Buckler, Mason",1896,Project Gutenberg
"The Cricket on the Hearth, Dickens",1845,Project Gutenberg
"The Critic as Artist, Wilde",1891,ProQuest
"The Cuckoo Clock, Molesworth",1877,Project Gutenberg
"The Daffodil Mystery, Wallace",1920,Project Gutenberg
"The Daisy Chain; or, Aspirations, Yonge.txt",1856,ProQuest
"The Dandy School, Hazlitt",1827,ProQuest
"The Dead Secret, Collins",1856,Project Gutenberg
"The Decay of Lying, Wilde",1891,ProQuest
"The Deemster, Caine",1887,Project Gutenberg
"The Deerstalkers; or, Circumstantial Evidence, Forester",1849,ProQuest
"The Diary of a Nobody, Grossmith",1892,ProQuest
"The Doings of Raffles Haw, Doyle",1891,Project Gutenberg
"The Double Life of Mr. Alfred Burton, Oppenheim",1913,Project Gutenberg
"The Duke in the Suburbs, Wallace",1909,Project Gutenberg
"The Duke's Children, Trollope",1879,ProQuest
"The Eagle Cliff, Ballantyne",1889,Project Gutenberg
"The Ebb-Tide, Stevenson",1894,Project Gutenberg
"The Egoist, Meredith",1879,ProQuest
"The Elect Lady, Macdonald",1888,Project Gutenberg
"The Elusive Pimpernel, Orczy",1917,Project Gutenberg
"The Enchanted Castle, Nesbit",1907,Project Gutenberg
"The End of Her Honeymoon, Lowndes",1913,Project Gutenberg
"The English Boy at the Cape: An Anglo-African Story, Kendall",1835,Internet Archive
"The Entail: or The Lairds Of Grippy, Galt",1823,ProQuest
"The Epicurean, Moore",1827,Project Gutenberg
"The Ethics of Art, Patmore",1849,ProQuest
"The Ethics of Criticism, Buchanan",1900,ProQuest
"The Europeans, James",1878,Project Gutenberg
"The Eustace Diamonds, Trollope",1871,ProQuest
"The Excursion Review, Jeffrey",1844,ProQuest
"The Excursion, Lamb",1815,ProQuest
"The Fair Maid of Perth, Scott",1828,Project Gutenberg
"The Fille de Chambre, Rowson",1794,ProQuest
"The Firm of Girdlestone, Doyle",1890,Project Gutenberg
"The First Men in the Moon, Wells",1901,Project Gutenberg
"The Fixed Period, Trollope",1882,Project Gutenberg
"The Flying Inn, Chesterton",1914,Project Gutenberg
"The Food of the Gods and How It Came to Earth, Wells",1904,Project Gutenberg
"The Forsyte Saga, Galsworthy",1906,Project Gutenberg
"The Fortunes of Nigel, Scott",1822,Project Gutenberg
"The Fortunes of Perkin Warbeck, Wollstonecraft",1830,ProQuest
"The Four Ages of Poetry, Peacock",1820,ProQuest
"The Four Feathers, Mason",1902,Project Gutenberg
"The Four Men: A Farrago, Belloc",1911,Internet Archive
"The Fruitful Vine, Hichens",1911,Internet Archive
"The Fudges in England, Moore",1835,Internet Archive
"The Future of the Novel, James",1899,ProQuest
"The Gadfly, Voynich",1897,Project Gutenberg
"The Garden of Allah, Hichens",1904,Project Gutenberg
"The Gates of Doom, Sabatini",1914,Internet Archive
"The Genius of Plato, Pater",1893,ProQuest
"The Ghost Kings, Haggard",1908,Project Gutenberg
"The Ghost Pirates, Hodgson",1909,Project Gutenberg
"The Goddess: A Demon, Marsh",1900,Project Gutenberg
"The Gold Bat, Wodehouse",1904,Project Gutenberg
"The Golden Bowl, James",1904,Project Gutenberg
"The Golden Web, Oppenheim",1910,Project Gutenberg
"The Good Soldier, Ford",1915,Project Gutenberg
"The Gorilla Hunters, Ballantyne",1861,Project Gutenberg
"The Grand Babylon Hotel, Bennett",1902,Internet Archive
"The Great God Pan, Machen",1894,Project Gutenberg
"The Great Impersonation, Oppenheim",1920,Project Gutenberg
"The Great Shadow, Doyle",1892,Project Gutenberg
"The Great War in England in 1897, Queux",1894,Project Gutenberg
"The Greek and Romantic Drama, Alison",1841,ProQuest
"The Green Carnation, Hichens",1894,Project Gutenberg
"The Green Rust, Wallace",1919,Project Gutenberg
"The Half-Hearted, Buchan",1900,Project Gutenberg
"The Hampdenshire Wonder, Beresford",1911,Project Gutenberg
"The Hand of Ethelberta, Hardy",1876,Project Gutenberg
"The Haunted Man and the Ghost's Bargain, Dickens",1848,Project Gutenberg
"The Haven, Phillpotts",1909,Internet Archive
"The Head of Kay's, Wodehouse",1905,Project Gutenberg
"The Heart of Mid-lothian, Scott",1818,ProQuest
"The Heart of Princess Osra, Hope",1896,Project Gutenberg
"The Heir of Redclyffe, Yonge",1853,ProQuest
"The Hero As Poet. Dante; Shakespeare, Carlyle",1841,ProQuest
"The Heroine, Or Adventures Of Cherubina , Barrett",1813,ProQuest
"The Hill of Dreams, Machen",1907,Project Gutenberg
"The Historical Romance, Alison",1845,ProQuest
"The History of David Grieve, Ward",1892,Project Gutenberg
"The History of Henry Esmond, Thackeray",1852,ProQuest
"The History of Little Henry and his Bearer, Sherwood",1814,Internet Archive
"The History of Mr Polly, Wells",1910,Project Gutenberg
"The History of Pendennis, Thackeray",1849,ProQuest
"The History of Richard Raynal, Solitary, Benson",1906,Project Gutenberg
"The Holy Flower, Haggard",1915,Project Gutenberg
"The Hound of the Baskervilles, Doyle",1902,Project Gutenberg
"The House in Dormer Forest, Webb",1920,Internet Archive
"The House of Arden, Nesbit",1908,Project Gutenberg
"The House of the Wolfings, Morris",1889,Project Gutenberg
"The House on the Beach, Meredith",1877,Project Gutenberg
"The House on the Borderland, Hodgson",1908,Project Gutenberg
"The House with the Green Shutters, Brown",1901,ProQuest
"The Hundredth Chance, Dell",1917,Project Gutenberg
"The Infernal Marriage, Disraeli",1834,Project Gutenberg
"The Inheritors, Conrad and Ford",1901,Project Gutenberg
"The Inner House, Besant",1888,Project Gutenberg
"The Inquisitor; or, Invisible Rambler, Volume 2, Rowson",1793,ProQuest
"The Invasion of 1910, Le Queux",1906,Project Gutenberg
"The Invisible Man, Wells",1897,Project Gutenberg
"The Island of Doctor Moreau, Wells",1896,Project Gutenberg
"The Island Queen, Ballantyne",1885,Project Gutenberg
"The Italian, Radcliffe",1797,ProQuest
"The Ivory Child, Haggard",1916,Project Gutenberg
"The Jewel of Seven Stars, Stoker",1903,Project Gutenberg
"The Kellys and the O'Kellys, Trollope",1848,Project Gutenberg
"The King of the Golden River, Ruskin",1851,Project Gutenberg
"The King with Two Faces, Coleridge",1897,ProQuest
"The Knave of Diamonds, Dell",1913,Project Gutenberg
"The Knights of England, France and Scotland, Herbert",1852,ProQuest
"The Ladder of Gold, Bell",1850,ProQuest
"The Lady from Long Acre, Bridges",1918,Project Gutenberg
"The Lady of Blossholme, Haggard",1909,Project Gutenberg
"The Lady of the Lake Review, Jeffrey",1844,ProQuest
"The Lady of the Shroud, Stoker",1909,Project Gutenberg
"The Lair of the White Worm, Stoker",1911,Project Gutenberg
"The Lancashire Witches, Ainsworth",1849,Project Gutenberg
"The Last Chronicle of Barset, Trollope",1867,ProQuest
"The Last Days of Pompeii, Bulwer-Lytton",1834,Project Gutenberg
"The Last Man, Wollstonecraft",1826,ProQuest
"The Last of the Barons, Bulwer-Lytton",1843,Project Gutenberg
"The Late Mr. Sheridan, Hunt",1816,ProQuest
"The Laughing Cavalier, Orczy",1913,Project Gutenberg
"The Law and the Lady, Collins",1875,Project Gutenberg
"The Lay of The Last Minstrel Review, Jeffrey",1844,ProQuest
"The Lesson of Balzac, James",1901,ProQuest
"The Life and Adventures of Martin Chuzzlewit, Dickens",1844,ProQuest
"The Life and Adventures of Michael Armstrong, Trollope",1840,ProQuest
"The Life and Adventures of Nicholas Nickleby, Dickens",1839,ProQuest
"The Life and Adventures, Songs, Services, and Speeches of Private Miles O'Reilly, Halpine",1864,ProQuest
"The Life of John Dryden, Scott",1835,ProQuest
"The Lifted Veil, Eliot",1859,Project Gutenberg
"The Light That Failed, Kipling",1891,Project Gutenberg
"The Little Lame Prince and his Travelling Cloak, Craik",1875,Project Gutenberg
"The Little Nugget, Wodehouse",1913,Project Gutenberg
"The Little White Bird, Barrie",1902,Project Gutenberg
"The Lodger, Lowndes",1913,Project Gutenberg
"The Longest Journey, Forster",1907,Project Gutenberg
"The Loom of Youth, Waugh",1917,Project Gutenberg
"The Lord of the Manor, Herbert",1844,ProQuest
"The Lost Continent: The Story of Atlantis, Hyne",1899,Project Gutenberg
"The Lost Girl, Lawrence",1920,Project Gutenberg
"The Lost Prince, Burnett",1915,Project Gutenberg
"The Lost Princess, Macdonald",1875,Project Gutenberg
"The Lost Stradivarius, Falkner",1895,Project Gutenberg
"The Lost World, Doyle",1912,Project Gutenberg
"The Loudwater Mystery, Jepson",1920,Project Gutenberg
"The Luck of the Vails, Benson",1901,Project Gutenberg
"The Lunatic at Large, Clouston",1899,Project Gutenberg
"The Macdermots of Ballycloran, Trollope",1847,Project Gutenberg
"The Magic City, Nesbit",1910,Project Gutenberg
"The Magician, Maugham",1908,Project Gutenberg
"The Mahatma and the Hare, Haggard",1911,Project Gutenberg
"The Maid of Sker, Blackmore",1872,Project Gutenberg
"The Man from the Clouds, Clouston",1918,Project Gutenberg
"The Man Who Knew, Wallace",1918,Project Gutenberg
"The Man Who Lost Himself, Stacpoole",1918,Project Gutenberg
"The Man Who Was Thursday, Chesterton",1907,Project Gutenberg
"The Man, Stoker",1905,Project Gutenberg
"The Manchester Man, Banks",1876,Project Gutenberg
"The Manxman, Caine",1894,Project Gutenberg
"The Marriage of William Ashe, Ward",1905,Project Gutenberg
"The Masquerader, Thurston",1904,Project Gutenberg
"The Master of Ballantrae, Stevenson",1889,ProQuest
"The Master of Stair, Bowen",1907,Project Gutenberg
"The Mayor of Casterbridge, Hardy",1886,ProQuest
"The Memoirs of Barry Lyndon, Thackeray",1856,ProQuest
"The Mill on the Floss, Eliot",1860,ProQuest
"The Miller of Martigne, Herbert",1847,ProQuest
"The Miscellaneous Prose Works of Sir Walter Scott, Vol.17, Scott",1835,ProQuest
"The Miscellaneous Prose Works of Sir Walter Scott, Vol.18, Scott",1835,ProQuest
"The Miser's Daughter, Ainsworth",1842,Internet Archive
"The Misfortunes of Elphin, Peacock",1829,Internet Archive
"The Monastery, Scott",1820,Project Gutenberg
"The Monk, Lewis",1796,ProQuest
"The Monks of Thelema, Rice",1878,Internet Archive
"The Moon and Sixpence, Maugham",1919,Project Gutenberg
"The Moonstone, Collins",1868,ProQuest
"The Morality of the Profession of Letters, Stevenson",1881,ProQuest
"The Morals of Marcus Ordeyne, Locke",1905,Project Gutenberg
"The Mummy!, Webb",1827,Project Gutenberg
"The Mysteries of Udolpho, Radcliffe",1794,ProQuest
"The Mysterious Affair at Styles, Christie",1920,Project Gutenberg
"The Mystery of Cloomber, Doyle",1888,Project Gutenberg
"The Mystery of Edwin Drood, DIckens",1870,ProQuest
"The Mystery of the Sea, Stoker",1902,Project Gutenberg
"The Napoleon of Notting Hill, Chesterton",1904,Project Gutenberg
"The Natural History of German Life, Eliot",1856,ProQuest
"The Nature and Dignity of Christ, Jewsbury",1831,ProQuest
"The Nature of a Crime, Conrad and Ford",1909,Internet Archive
"The Nature of Poetry, Dobell",1876,ProQuest
"The Naulahka: A Story of West and East, Kipling",1892,Internet Archive
"The Nebuly Coat, Falkner",1903,Project Gutenberg
"The Nemesis of Faith, Froude",1849,ProQuest
"The Nest of the Sparrowhawk, Orczy",1909,Project Gutenberg
"The Nether World, Gissing",1889,ProQuest
"The New Machiavelli, Wells",1911,Project Gutenberg
"The New Novel, James",1914,ProQuest
"The New Paul and Virginia, Mallock",1878,Project Gutenberg
"The New Republic, Mallock",1878,Internet Archive
"The Newcomes, Thackeray",1854,ProQuest
"The Nigger of the ""Narcissus"", Conrad",1897,Project Gutenberg
"The Night Land, Hodgson",1912,Project Gutenberg
"The Nine Bears, Wallace",1910,Project Gutenberg
"The Notting Hill Mystery, Felix",1863,Project Gutenberg
"The Nursery ""Alice"", Carroll",1890,Project Gutenberg
"The Odd Women, Gissing",1893,ProQuest
"The Old and Modern Dramatists, Lewes",1850,ProQuest
"The Old Curiosity Shop, Dickens",1840,ProQuest
"The Old English Baron: a Gothic Story, Reeve",1780,ProQuest
"The Old Manor House, Smith",1793,ProQuest
"The Old Wives' Tale, Bennett",1908,Project Gutenberg
"The Ordeal of Richard Feverel, Meredith",1859,ProQuest
"The Origin of Poetry, Goldsmith",1892,ProQuest
"The Other House, James",1896,Internet Archive
"The Outcry, James",1911,Project Gutenberg
"The Parasite, Doyle",1894,Project Gutenberg
"The Pathway, Yeats",1908,ProQuest
"The Paying Guest, Gissing",1895,Project Gutenberg
"The People of the Mist, Haggard",1894,Project Gutenberg
"The Periodical Press, Hazlitt",1823,ProQuest
"The Personal History of David Copperfield, Dickens",1850,ProQuest
"The Philosophy of Poetry, Smith",1835,ProQuest
"The Phoenix and the Carpet, Nesbit",1904,Project Gutenberg
"The Pickwick Papers, Dickens",1837,Project Gutenberg
"The Picture of Dorian Gray, Wilde",1890,ProQuest
"The Pirate City: An Algerine Tale, Ballantyne",1874,Project Gutenberg
"The Pirate, Scott",1822,Project Gutenberg
"The Poetry of Pope, De Quincey",1890,ProQuest
"The Poetry of the Period, Austin",1870,ProQuest
"The Poets and Poetry of Scotland, Stevenson",1871,ProQuest
"The Poison Belt, Doyle",1913,Project Gutenberg
"The Portrait of a Lady, James",1881,Project Gutenberg
"The Posthumous Papers of the Pickwick Club, Dickens",1837,ProQuest
"The Pothunters, Wodehouse",1902,Project Gutenberg
"The Power-House, Buchan",1916,Project Gutenberg
"The Prime Minister, Trollope",1876,ProQuest
"The Prince and Betty, Wodehouse",1912,Project Gutenberg
"The Princess and Curdie, Macdonald",1883,Project Gutenberg
"The Princess and the Goblin, Macdonald",1872,ProQuest
"The Princess Casamassima, James",1886,Project Gutenberg
"The Principles of Success in Literature, Lewes",1891,ProQuest
"The Prisoner of Zenda, Hope",1894,Project Gutenberg
"The Private Memoirs and Confessions of a Justified Sinner, Hogg",1824,ProQuest
"The Private Papers of Henry Ryecroft, Gissing",1903,Project Gutenberg
"The Prodigal Son, Caine",1904,Project Gutenberg
"The Professor, Brontë",1857,ProQuest
"The Progress Of Romance, Through Times, Countries, and Manner, Reeve",1785,ProQuest
"The Provost, Galt",1822,ProQuest
"The Purple Cloud, Shiel",1901,Project Gutenberg
"The Purple Land, Hudson",1885,Project Gutenberg
"The Pursuit of the Well-Beloved, Hardy",1892,ProQuest
"The Ragged-Trousered Philanthropists, Noonan",1914,Project Gutenberg
"The Railway Children, Nesbit",1906,Project Gutenberg
"The Rainbow, Lawrence",1915,Project Gutenberg
"The Real Charlotte, Somerville",1894,ProQuest
"The Refugees, Doyle",1893,Project Gutenberg
"The Relation of Novels to Life, Stephen",1855,ProQuest
"The Renaissance; Studies in Art and Poetry, Pater",1888,ProQuest
"The Rescue, Conrad",1920,Project Gutenberg
"The Research Magnificent, Wells",1915,Project Gutenberg
"The Return of the Native, Hardy",1878,ProQuest
"The Return of the Soldier, West",1918,Project Gutenberg
"The Reverberator, James",1888,Project Gutenberg
"The Riddle of the Sands, Childers",1903,Project Gutenberg
"The Rocks of Valpré, Dell",1913,Project Gutenberg
"The Roman Traitor: A True Tale of the Republic, Herbert",1846,ProQuest
"The Romance of a Shop, Levy",1888,Project Gutenberg
"The Romance of Lust, Anonymous",1874,Project Gutenberg
"The Romance of the Forest, Radcliffe",1791,ProQuest
"The Romany Rye, Borrow",1857,Project Gutenberg
"The Roots of the Mountains, Morris",1889,Project Gutenberg
"The Rosary, Barclay",1909,Project Gutenberg
"The Rose and the Ring, Thackeray",1854,Project Gutenberg
"The Round Table, Hazlitt",1817,ProQuest
"The Round Table: a Collection Of Essays On Literature, Men, and Manners, Hunt",1817,ProQuest
"The ruling purpose of Greek poetry, Ruskin",1860,ProQuest
"The Scarlet Pimpernel, Orczy",1905,Project Gutenberg
"The Scottish Chiefs, Porter",1810,ProQuest
"The Sea Hawk, Sabatini",1915,Project Gutenberg
"The Sea Lady, Wells",1902,Project Gutenberg
"The Secret Agent, Conrad",1907,Project Gutenberg
"The Secret Battle, Herbert",1919,Project Gutenberg
"The Secret Garden, Burnett",1911,Project Gutenberg
"The Secret House, Wallace",1917,Project Gutenberg
"The Secret of the League, Bramah",1907,Project Gutenberg
"The Sense of the Past, James",1917,Project Gutenberg
"The Settlers in Canada, Marryat",1844,Project Gutenberg
"The Seven Sons of Mammon, Sala",1862,ProQuest
"The Shadow Line, Conrad",1917,Project Gutenberg
"The Shaving of Shagpat, Meredith",1856,Project Gutenberg
"The Sheik, Hull",1919,Project Gutenberg
"The Shuttle, Burnett",1907,Project Gutenberg
"The Siege of Malta, Scott",1832,JStor
"The Sign of the Four, Doyle",1890,ProQuest
"The Silence of Dean Maitland, Gray",1886,Internet Archive
"The Sins of the Cities of the Plain, Saul",1881,Project Gutenberg
"The Slave, Hichens",1899,Internet Archive
"The Sleeper Awakes, Wells",1910,Project Gutenberg
"The Small House at Allington, Trollope",1864,ProQuest
"The Snake's Pass, Stoker",1890,Internet Archive
"The Sorrows of Satan, Corelli",1895,Project Gutenberg
"The Soul of a Bishop, Wells",1917,Project Gutenberg
"The Spirit of the Age, Hazlitt",1825,ProQuest
"The Spoils of Poynton, James",1897,Project Gutenberg
"The Spy in Black, Clouston",1917,Project Gutenberg
"The Star in the East, Keble",1825,ProQuest
"The Stark Munro Letters, Doyle",1895,Project Gutenberg
"The Stealthy School of Criticism, Rossetti",1871,ProQuest
"The Story of a Modern Woman, Dixon",1894,Project Gutenberg
"The Story of Bessie Costrell, Ward",1895,ProQuest
"The Story of Francis Cludde, Weyman",1891,Project Gutenberg
"The Story of the Amulet, Nesbit",1906,Project Gutenberg
"The Story of the Glittering Plain, Morris",1891,Project Gutenberg
"The Story of the Treasure Seekers, Nesbit",1899,Project Gutenberg
"The Street of Adventure, Gibbs",1919,Internet Archive
"The String of Pearls, Prest et al.",1850,Project Gutenberg
"The Summons, Mason",1920,Project Gutenberg
"The Sundering Flood, Morris",1897,Project Gutenberg
"The Swoop!, Wodehouse",1909,Project Gutenberg
"The Tale of Chloe, Meredith",1890,Project Gutenberg
"The Talisman, Scott",1825,Project Gutenberg
"The Tangled Skein, Orczy",1901,Project Gutenberg
"The Tavern Knight, Sabatini",1904,Project Gutenberg
"The Tenant of Wildfell Hall, Brontë",1848,ProQuest
"The Thirty-Nine Steps, Buchan",1915,Project Gutenberg
"The Three Clerks, Trollope",1857,ProQuest
"The Three Impostors, Machen",1895,Project Gutenberg
"The Three Perils of Man, Hogg",1822,Project Gutenberg
"The Three Perils of Woman, Hogg",1823,Internet Archive
"The Time Machine, Wells",1895,ProQuest
"The Top of the World, Dell",1920,Project Gutenberg
"The Tower of London, Ainsworth",1840,Project Gutenberg
"The Town Traveller, Gissing",1898,Project Gutenberg
"The Tragedy of the Korosko, Doyle",1898,Project Gutenberg
"The Tragic Muse, James",1890,Project Gutenberg
"The Trail of the Serpent, Braddon",1860,Internet Archive
"The Trespasser, Lawrence",1912,Project Gutenberg
"The Truants, Mason",1904,Project Gutenberg
"The True History of Joshua Davidson, Linton",1872,ProQuest
"The Trumpet-Major, Hardy",1880,ProQuest
"The Turn of the Screw, James",1898,Project Gutenberg
"The Turnstile, Mason",1912,Project Gutenberg
"The Two Chief Schools Of English Poetry, De Vere",1887,ProQuest
"The Unclassed, Gissing",1884,Project Gutenberg
"The Undying Fire, Wells",1919,Project Gutenberg
"The Valley of Fear, Doyle",1915,Project Gutenberg
"The Vanity Girl, Mackenzie",1920,Project Gutenberg
"The Vicar of Bullhampton, Trollope",1870,Project Gutenberg
"The Vicar of Wrexhill, Trollope",1837,ProQuest
"The Victim of Prejudice, Hays",1799,ProQuest
"The Village in the Jungle, Woolf",1913,Project Gutenberg
"The Village Inn; or, The Adventures of Bellechassaigne, Herbert",1843,ProQuest
"The Viper of Milan, Bowen",1906,Project Gutenberg
"The Virginians, Thackeray",1857,ProQuest
"The Voyage Out, Woolf",1915,Project Gutenberg
"The Wallypug of Why, Farrow",1895,Project Gutenberg
"The Wanderer, Burney",1814,ProQuest
"The Wanderer's Necklace, Haggard",1914,Project Gutenberg
"The War in the Air, Wells",1907,Project Gutenberg
"The War of the Worlds, Wells",1898,Project Gutenberg
"The Warden, Trollope",1855,ProQuest
"The Warwick Woodlands, Herbert",1845,ProQuest
"The Water of the Wondrous Isles, Morris",1897,Project Gutenberg
"The Water-Babies, A Fairy Tale for a Land Baby, Kingsley",1863,ProQuest
"The Way of All Flesh, Butler",1903,ProQuest
"The Way of Ambition, Hichens",1913,Project Gutenberg
"The Way of the Spirit, Haggard",1906,Internet Archive
"The Way We Live Now, Trollope",1875,ProQuest
"The Well at the World's End, Morris",1896,Project Gutenberg
"The Well-Beloved, Hardy",1897,ProQuest
"The Westminster Alice, Saki",1902,Project Gutenberg
"The Wheels of Chance, Wells",1896,Project Gutenberg
"The Whirlpool, Gissing",1897,ProQuest
"The White Company, Doyle",1891,Project Gutenberg
"The White Doe of Rylestone Review, Jeffrey",1844,ProQuest
"The White Feather, Wodehouse",1907,Project Gutenberg
"The White Hoods, Bray",1828,Internet Archive
"The White Peacock, Lawrence",1911,Project Gutenberg
"The Wife of Sir Isaac Harman, Wells",1914,Project Gutenberg
"The Wild Irish Girl, Morgan",1806,ProQuest
"The Wilderness; or, Braddock's Times, McHenry",1823,ProQuest
"The Wind in the Willows, Grahame",1908,Project Gutenberg
"The Wings of the Dove, James",1902,Project Gutenberg
"The Witch's Head, Haggard",1885,Project Gutenberg
"The Witness for the Defence, Mason",1913,Project Gutenberg
"The Wizard, Haggard",1896,Project Gutenberg
"The Wizard's Son, Oliphant",1884,Project Gutenberg
"The Woman in White, Collins",1860,ProQuest
"The Woman Who Did, Allen",1895,ProQuest
"The Woman with the Fan, Hichens",1904,Project Gutenberg
"The Wonderful Visit, Wells",1895,Project Gutenberg
"The Wondrous Tale of Alroy, Disraeli",1833,Internet Archive
"The Wood Beyond the World, Morris",1894,Project Gutenberg
"The Woodlanders, Hardy",1887,ProQuest
"The World Set Free, Wells",1914,Project Gutenberg
"The World's Desire, Haggard",1890,Project Gutenberg
"The Wreck of the Grosvenor, Russell",1877,Project Gutenberg
"The Wrecker, Stevenson",1892,Project Gutenberg
"The Wrong Box, Stevenson and Osborne",1889,Project Gutenberg
"The Wrongs of Woman, Wollstonecraft",1798,ProQuest
"The Yellow Chief, Reid",1869,Project Gutenberg
"The Yellow Claw, Ward",1915,Project Gutenberg
"The Yellow God, Haggard",1908,Project Gutenberg
"The Young Diana, Corelli",1918,Project Gutenberg
"The Young Duke, Disraeli",1831,Project Gutenberg
"The Young Visiters, Ashford",1919,Project Gutenberg
"Theatrical Examiner. No. 256, Hazlitt",1816,ProQuest
"Thelma, Corelli",1887,Project Gutenberg
"Theories of Poetry and a New Poet, Masson",1853,ProQuest
"Theory of Greek Tragedy, De Quincey",1890,ProQuest
"Things as They Are; or, The Adventures of Caleb Williams, Godwin",1794,ProQuest
"Thoughts On Poetry And Its Varieties, Mill",1859,ProQuest
"Thoughts On Shelley And Byron, Kingsley",1853,ProQuest
"Thoughts on Taste, Hazlitt",1818,ProQuest
"Three Men in a Boat, Jerome",1889,Project Gutenberg
"Three Men on the Bummel, Jerome",1900,Project Gutenberg
"Three Weeks, Glyn",1907,Project Gutenberg
"Through the Looking-Glass, Carroll",1872,ProQuest
"To the Editor of the Monthly Magazine, Wollstonecraft",1798,ProQuest
"Tom Brown at Oxford, Hughes",1861,Project Gutenberg
"Tom Brown's School Days, Hughes",1857,ProQuest
"Tom Burke, Lever",1844,ProQuest
"Tono-Bungay, Wells",1909,Project Gutenberg
"Tracks in the Snow, Benson",1906,Internet Archive
"Treasure Island, Stevenson",1883,ProQuest
Trent's Last Case. Bentley,1913,Project Gutenberg
"Trials of the Human Heart, Volume 2, Rowson",1795,ProQuest
"Trilby, du Maurier",1894,Project Gutenberg
"Two Lectures on the Influence of Poetry on the Working Classes, Robertson.txt",1858,ProQuest
"Two on a Tower, Hardy",1882,Project Gutenberg
"Typhoon, Conrad",1902,Project Gutenberg
"Uncle Silas, Le Fanu",1864,ProQuest
"Under the Greenwood Tree, Hardy",1872,ProQuest
"Under the Hill, Beardsley",1890,Project Gutenberg
"Under the Red Robe, Weyman",1894,Project Gutenberg
"Under Two Flags, Oida",1867,ProQuest
"Under Western Eyes, Conrad",1911,Project Gutenberg
"Uneasy Money, Wodehouse",1916,Project Gutenberg
"Upon Taste, Goldsmith",1892,ProQuest
"Valperga, Wollstonecraft",1823,ProQuest
"Vanity Fair, Thackeray",1848,ProQuest
"Vathek translation, Beckford",1816,ProQuest
"Vendetta!, Corelli",1886,Project Gutenberg
"Venetia, Disraeli",1837,Project Gutenberg
"Veranilda, Gissing",1904,Project Gutenberg
"Vice Versa, Anstey",1882,Project Gutenberg
"Victory, Conrad",1915,Project Gutenberg
"Villette, Brontë",1853,ProQuest
"Vivian Grey, Disraeli",1827,Project Gutenberg
"W. M. Thackeray, Artist and Moralist, Roscoe",1856,ProQuest
"Wager of Battle: A Tale of Saxon Slavery in Sherwood Forest, Herbert",1855,ProQuest
"Walsingham, Robinson",1797,ProQuest
"Washington Square, James",1880,Project Gutenberg
"Watch and Ward, James",1875,Internet Archive
"Waverley, Scott",1814,ProQuest
"Waverly, or 'Tis Sixty Years Since Review, Jeffrey",1844,ProQuest
"Weir of Hermiston, Stevenson",1896,ProQuest
"Westward Ho!, Kingsley",1855,Project Gutenberg
"What Maisie Knew, James",1897,Project Gutenberg
"When It Was Dark, Thorne",1903,Project Gutenberg
"When the Sleeper Wakes, Wells",1899,Project Gutenberg
"When the World Shook, Haggard",1919,Project Gutenberg
"When William Came, Saki",1913,Project Gutenberg
"Where Angels Fear to Tread, Forster",1905,Project Gutenberg
"Whether Genius is Conscious of its Powers, Hazlitt",1826,ProQuest
"Why distant Objects please, Hazlitt",1824,ProQuest
"Will Warburton, Gissing",1905,Project Gutenberg
"William – an Englishman, Hamilton",1919,Project Gutenberg
"Windsor Castle, Ainsworth",1842,Project Gutenberg
"Windyridge, Riley",1912,Project Gutenberg
"Witches, and Other Night-Fears, Lamb",1823,ProQuest
"Witching Hill, Hornung",1913,Project Gutenberg
"With Kitchener in the Soudan, Henty",1902,Project Gutenberg
"With Lee in Virginia, Henty",1890,Project Gutenberg
"Wives and Daughters, Gaskell",1864,ProQuest
"Women in Love, Lawrence",1920,Project Gutenberg
"Woodstock, Scott",1826,Project Gutenberg
"Wordsworth, Tennyson, and Browning, Bagehot",1864,ProQuest
"Workers in the Dawn, Gissing",1880,Internet Archive
"Wormwood: A Drama of Paris, Corelli",1890,Internet Archive
"Wuthering Heights, Brontë",1847,ProQuest
"Yeast, Kingsley",1848,Project Gutenberg
"Zanoni, Bulwer-Lytton",1842,Project Gutenberg
"Zastrozzi, Shelley",1810,ProQuest
"Zofloya, Dacre",1806,ProQuest
"Zuleika Dobson, Beerbohm",1911,Project Gutenberg